idUporabnik;classify;count;razlika;max_razlika;normirano
17;+;18;-67;869;-0.0771001150748
17;-;85;-67;869;-0.0771001150748
17theone;+;67;-53;869;-0.0609896432681
17theone;-;120;-53;869;-0.0609896432681
19miha90;+;132;-23;869;-0.0264672036824
19miha90;-;155;-23;869;-0.0264672036824
4-3-2-1;+;58;-73;869;-0.0840046029919
4-3-2-1;-;131;-73;869;-0.0840046029919
420;+;91;-51;869;-0.0586881472957
420;-;142;-51;869;-0.0586881472957
88dejo88;+;65;27;869;0.0310701956272
88dejo88;-;38;27;869;0.0310701956272
99-or-1;+;75;-68;869;-0.078250863061
99-or-1;-;143;-68;869;-0.078250863061
a-dee-jay;+;27;-66;869;-0.0759493670886
a-dee-jay;-;93;-66;869;-0.0759493670886
a-orhidejca;+;116;-136;869;-0.156501726122
a-orhidejca;-;252;-136;869;-0.156501726122
a123b;+;25;-59;869;-0.0678941311853
a123b;-;84;-59;869;-0.0678941311853
abeta;+;15;-52;869;-0.0598388952819
abeta;-;67;-52;869;-0.0598388952819
abndbn;+;18;-41;869;-0.0471806674338
abndbn;-;59;-41;869;-0.0471806674338
aboveu;+;71;-179;869;-0.205983889528
aboveu;-;250;-179;869;-0.205983889528
accko;+;38;-53;869;-0.0609896432681
accko;-;91;-53;869;-0.0609896432681
acinho;+;45;-196;869;-0.225546605293
acinho;-;241;-196;869;-0.225546605293
adijo-svet;+;222;-297;869;-0.341772151899
adijo-svet;-;519;-297;869;-0.341772151899
agent-perry;+;370;-435;869;-0.500575373993
agent-perry;-;805;-435;869;-0.500575373993
aki10;+;58;-16;869;-0.0184119677791
aki10;-;74;-16;869;-0.0184119677791
alanhansen;+;25;-37;869;-0.0425776754891
alanhansen;-;62;-37;869;-0.0425776754891
albus;+;52;3;869;0.00345224395857
albus;-;49;3;869;0.00345224395857
alcarin;+;20;-47;869;-0.054085155351
alcarin;-;67;-47;869;-0.054085155351
alek;+;108;-2;869;-0.00230149597238
alek;-;110;-2;869;-0.00230149597238
alen64;+;11;-155;869;-0.17836593786
alen64;-;166;-155;869;-0.17836593786
ales24;+;76;17;869;0.0195627157652
ales24;-;59;17;869;0.0195627157652
alexiush;+;183;-85;869;-0.0978135788262
alexiush;-;268;-85;869;-0.0978135788262
alfi2;+;21;-25;869;-0.0287686996548
alfi2;-;46;-25;869;-0.0287686996548
alikasmu-anje;+;81;64;869;0.0736478711162
alikasmu-anje;-;17;64;869;0.0736478711162
alisha-8mg3;+;130;52;869;0.0598388952819
alisha-8mg3;-;78;52;869;0.0598388952819
alkum;+;41;-126;869;-0.14499424626
alkum;-;167;-126;869;-0.14499424626
alojzr;+;11;-78;869;-0.0897583429229
alojzr;-;89;-78;869;-0.0897583429229
am-shagar;+;20;-128;869;-0.147295742232
am-shagar;-;148;-128;869;-0.147295742232
an-e-ciuf;+;35;-17;869;-0.0195627157652
an-e-ciuf;-;52;-17;869;-0.0195627157652
anakin-skywalker;+;16;-39;869;-0.0448791714614
anakin-skywalker;-;55;-39;869;-0.0448791714614
andrejm-yj8h;+;20;-33;869;-0.0379746835443
andrejm-yj8h;-;53;-33;869;-0.0379746835443
andz;+;35;-20;869;-0.0230149597238
andz;-;55;-20;869;-0.0230149597238
angelmanuel;+;25;-29;869;-0.0333716915995
angelmanuel;-;54;-29;869;-0.0333716915995
ankorn;+;63;-67;869;-0.0771001150748
ankorn;-;130;-67;869;-0.0771001150748
anny22;+;81;-44;869;-0.0506329113924
anny22;-;125;-44;869;-0.0506329113924
anze82;+;77;-43;869;-0.0494821634062
anze82;-;120;-43;869;-0.0494821634062
anzi23;+;101;-10;869;-0.0115074798619
anzi23;-;111;-10;869;-0.0115074798619
arawn;+;30;-45;869;-0.0517836593786
arawn;-;75;-45;869;-0.0517836593786
aresnica;+;45;15;869;0.0172612197929
aresnica;-;30;15;869;0.0172612197929
arking;+;24;-54;869;-0.0621403912543
arking;-;78;-54;869;-0.0621403912543
arli23;+;105;-443;869;-0.509781357883
arli23;-;548;-443;869;-0.509781357883
arnolfus;+;18;-41;869;-0.0471806674338
arnolfus;-;59;-41;869;-0.0471806674338
arsenal_fan1;+;332;-347;869;-0.399309551208
arsenal_fan1;-;679;-347;869;-0.399309551208
arso;+;49;-18;869;-0.0207134637514
arso;-;67;-18;869;-0.0207134637514
arto77;+;36;-74;869;-0.0851553509781
arto77;-;110;-74;869;-0.0851553509781
arts7yle;+;118;27;869;0.0310701956272
arts7yle;-;91;27;869;0.0310701956272
aschkao;+;31;-4;869;-0.00460299194476
aschkao;-;35;-4;869;-0.00460299194476
ashme;+;91;-108;869;-0.124280782509
ashme;-;199;-108;869;-0.124280782509
aski;+;197;28;869;0.0322209436133
aski;-;169;28;869;0.0322209436133
assange;+;53;-112;869;-0.128883774453
assange;-;165;-112;869;-0.128883774453
as_kgarnett;+;229;171;869;0.196777905639
as_kgarnett;-;58;171;869;0.196777905639
ata;+;32;-7;869;-0.00805523590334
ata;-;39;-7;869;-0.00805523590334
atacar;+;46;7;869;0.00805523590334
atacar;-;39;7;869;0.00805523590334
atm;+;26;-77;869;-0.0886075949367
atm;-;103;-77;869;-0.0886075949367
atomx;+;48;13;869;0.0149597238205
atomx;-;35;13;869;0.0149597238205
aufbiks-v2ft;+;146;-255;869;-0.293440736479
aufbiks-v2ft;-;401;-255;869;-0.293440736479
avantura10;+;12;-44;869;-0.0506329113924
avantura10;-;56;-44;869;-0.0506329113924
axx;+;36;-34;869;-0.0391254315305
axx;-;70;-34;869;-0.0391254315305
ayrton79;+;19;-38;869;-0.0437284234753
ayrton79;-;57;-38;869;-0.0437284234753
b-in;+;95;-184;869;-0.211737629459
b-in;-;279;-184;869;-0.211737629459
b1;+;16;-67;869;-0.0771001150748
b1;-;83;-67;869;-0.0771001150748
backless;+;24;-78;869;-0.0897583429229
backless;-;102;-78;869;-0.0897583429229
bad-o;+;32;-7;869;-0.00805523590334
bad-o;-;39;-7;869;-0.00805523590334
bala;+;205;12;869;0.0138089758343
bala;-;193;12;869;0.0138089758343
balestra92;+;88;-239;869;-0.2750287687
balestra92;-;327;-239;869;-0.2750287687
bamfi;+;43;-2;869;-0.00230149597238
bamfi;-;45;-2;869;-0.00230149597238
barca10;+;71;-33;869;-0.0379746835443
barca10;-;104;-33;869;-0.0379746835443
barca14;+;62;-10;869;-0.0115074798619
barca14;-;72;-10;869;-0.0115074798619
barca_4_ever;+;48;-66;869;-0.0759493670886
barca_4_ever;-;114;-66;869;-0.0759493670886
barezi;+;38;-8;869;-0.00920598388953
barezi;-;46;-8;869;-0.00920598388953
barracuda-u6le;+;26;-73;869;-0.0840046029919
barracuda-u6le;-;99;-73;869;-0.0840046029919
barto_;+;26;-18;869;-0.0207134637514
barto_;-;44;-18;869;-0.0207134637514
bata1967;+;91;-136;869;-0.156501726122
bata1967;-;227;-136;869;-0.156501726122
bb_44;+;46;-175;869;-0.201380897583
bb_44;-;221;-175;869;-0.201380897583
belfast-boy;+;42;-89;869;-0.102416570771
belfast-boy;-;131;-89;869;-0.102416570771
belphegor;+;29;-79;869;-0.0909090909091
belphegor;-;108;-79;869;-0.0909090909091
bethtempete;+;27;-58;869;-0.0667433831991
bethtempete;-;85;-58;869;-0.0667433831991
biebermaniac;+;18;-81;869;-0.0932105868815
biebermaniac;-;99;-81;869;-0.0932105868815
bigbadbruin;+;14;-60;869;-0.0690448791715
bigbadbruin;-;74;-60;869;-0.0690448791715
bjorndalen-tiala;+;25;-22;869;-0.0253164556962
bjorndalen-tiala;-;47;-22;869;-0.0253164556962
blackadder-7v91;+;17;-39;869;-0.0448791714614
blackadder-7v91;-;56;-39;869;-0.0448791714614
blamethagame;+;57;30;869;0.0345224395857
blamethagame;-;27;30;869;0.0345224395857
blazm;+;109;-107;869;-0.123130034522
blazm;-;216;-107;869;-0.123130034522
blazz;+;68;-107;869;-0.123130034522
blazz;-;175;-107;869;-0.123130034522
bliki;+;159;93;869;0.107019562716
bliki;-;66;93;869;0.107019562716
blitz;+;16;-43;869;-0.0494821634062
blitz;-;59;-43;869;-0.0494821634062
bob-q82o;+;73;28;869;0.0322209436133
bob-q82o;-;45;28;869;0.0322209436133
bobbek;+;264;-140;869;-0.161104718067
bobbek;-;404;-140;869;-0.161104718067
boboman;+;26;-72;869;-0.0828538550058
boboman;-;98;-72;869;-0.0828538550058
bobr;+;8;-68;869;-0.078250863061
bobr;-;76;-68;869;-0.078250863061
boby21;+;41;-81;869;-0.0932105868815
boby21;-;122;-81;869;-0.0932105868815
bobym;+;22;-55;869;-0.0632911392405
bobym;-;77;-55;869;-0.0632911392405
bodimo_realni;+;57;2;869;0.00230149597238
bodimo_realni;-;55;2;869;0.00230149597238
bojan55;+;37;-9;869;-0.0103567318757
bojan55;-;46;-9;869;-0.0103567318757
bojanec;+;63;42;869;0.04833141542
bojanec;-;21;42;869;0.04833141542
bolhca;+;24;-129;869;-0.148446490219
bolhca;-;153;-129;869;-0.148446490219
bondi;+;246;-62;869;-0.0713463751438
bondi;-;308;-62;869;-0.0713463751438
bonifika123;+;14;-79;869;-0.0909090909091
bonifika123;-;93;-79;869;-0.0909090909091
boomslang;+;22;-44;869;-0.0506329113924
boomslang;-;66;-44;869;-0.0506329113924
bor-v;+;41;-117;869;-0.134637514384
bor-v;-;158;-117;869;-0.134637514384
bor10ut;+;87;53;869;0.0609896432681
bor10ut;-;34;53;869;0.0609896432681
borut1991;+;54;10;869;0.0115074798619
borut1991;-;44;10;869;0.0115074798619
bostjan-brunec;+;104;14;869;0.0161104718067
bostjan-brunec;-;90;14;869;0.0161104718067
bozz;+;31;-74;869;-0.0851553509781
bozz;-;105;-74;869;-0.0851553509781
branc;+;36;-18;869;-0.0207134637514
branc;-;54;-18;869;-0.0207134637514
branko57;+;151;-141;869;-0.162255466053
branko57;-;292;-141;869;-0.162255466053
branvan30000;+;41;-43;869;-0.0494821634062
branvan30000;-;84;-43;869;-0.0494821634062
brasilinho7777;+;29;-49;869;-0.0563866513234
brasilinho7777;-;78;-49;869;-0.0563866513234
bregas;+;49;-42;869;-0.04833141542
bregas;-;91;-42;869;-0.04833141542
brehme;+;105;-82;869;-0.0943613348677
brehme;-;187;-82;869;-0.0943613348677
brico32;+;53;-108;869;-0.124280782509
brico32;-;161;-108;869;-0.124280782509
brigate-rosse;+;41;-15;869;-0.0172612197929
brigate-rosse;-;56;-15;869;-0.0172612197929
brisko;+;36;-33;869;-0.0379746835443
brisko;-;69;-33;869;-0.0379746835443
bro_die;+;79;-26;869;-0.029919447641
bro_die;-;105;-26;869;-0.029919447641
bsr;+;429;-213;869;-0.245109321059
bsr;-;642;-213;869;-0.245109321059
bubi-schumi;+;104;51;869;0.0586881472957
bubi-schumi;-;53;51;869;0.0586881472957
budspencer;+;87;-101;869;-0.116225546605
budspencer;-;188;-101;869;-0.116225546605
caedmon;+;35;-17;869;-0.0195627157652
caedmon;-;52;-17;869;-0.0195627157652
cak-mal-noris;+;21;-35;869;-0.0402761795167
cak-mal-noris;-;56;-35;869;-0.0402761795167
camel2;+;29;-19;869;-0.0218642117376
camel2;-;48;-19;869;-0.0218642117376
captain-obvious;+;73;-25;869;-0.0287686996548
captain-obvious;-;98;-25;869;-0.0287686996548
carbonfajbr;+;37;-24;869;-0.0276179516686
carbonfajbr;-;61;-24;869;-0.0276179516686
carlos_carlos;+;17;-64;869;-0.0736478711162
carlos_carlos;-;81;-64;869;-0.0736478711162
cartekmedo;+;548;138;869;0.158803222094
cartekmedo;-;410;138;869;0.158803222094
cecile;+;62;-21;869;-0.02416570771
cecile;-;83;-21;869;-0.02416570771
celec222;+;29;-28;869;-0.0322209436133
celec222;-;57;-28;869;-0.0322209436133
celjan2;+;45;-52;869;-0.0598388952819
celjan2;-;97;-52;869;-0.0598388952819
cepheus;+;30;-8;869;-0.00920598388953
cepheus;-;38;-8;869;-0.00920598388953
chamberlain;+;145;-16;869;-0.0184119677791
chamberlain;-;161;-16;869;-0.0184119677791
chelsea-hh;+;25;-40;869;-0.0460299194476
chelsea-hh;-;65;-40;869;-0.0460299194476
chelsea1111;+;24;-72;869;-0.0828538550058
chelsea1111;-;96;-72;869;-0.0828538550058
chelsea99;+;173;-33;869;-0.0379746835443
chelsea99;-;206;-33;869;-0.0379746835443
chi-bears-54;+;50;1;869;0.00115074798619
chi-bears-54;-;49;1;869;0.00115074798619
chopin;+;40;-40;869;-0.0460299194476
chopin;-;80;-40;869;-0.0460299194476
chosen;+;40;-36;869;-0.0414269275029
chosen;-;76;-36;869;-0.0414269275029
chupa;+;24;-27;869;-0.0310701956272
chupa;-;51;-27;869;-0.0310701956272
cicimici;+;21;-63;869;-0.07249712313
cicimici;-;84;-63;869;-0.07249712313
cini-minis;+;80;-68;869;-0.078250863061
cini-minis;-;148;-68;869;-0.078250863061
comrade;+;135;-143;869;-0.164556962025
comrade;-;278;-143;869;-0.164556962025
conchis;+;20;-57;869;-0.0655926352129
conchis;-;77;-57;869;-0.0655926352129
conquistador;+;35;-99;869;-0.113924050633
conquistador;-;134;-99;869;-0.113924050633
coreysteel;+;69;-23;869;-0.0264672036824
coreysteel;-;92;-23;869;-0.0264672036824
cricka;+;23;-40;869;-0.0460299194476
cricka;-;63;-40;869;-0.0460299194476
crnibog;+;90;-129;869;-0.148446490219
crnibog;-;219;-129;869;-0.148446490219
croman_1;+;56;-78;869;-0.0897583429229
croman_1;-;134;-78;869;-0.0897583429229
cslesce;+;57;-52;869;-0.0598388952819
cslesce;-;109;-52;869;-0.0598388952819
ctm;+;38;-30;869;-0.0345224395857
ctm;-;68;-30;869;-0.0345224395857
cungalunga007;+;65;-105;869;-0.12082853855
cungalunga007;-;170;-105;869;-0.12082853855
cvetaca-i0bc;+;42;-33;869;-0.0379746835443
cvetaca-i0bc;-;75;-33;869;-0.0379746835443
cyril;+;92;-6;869;-0.00690448791715
cyril;-;98;-6;869;-0.00690448791715
d-e-s-s;+;153;22;869;0.0253164556962
d-e-s-s;-;131;22;869;0.0253164556962
d-u-p-a;+;24;-38;869;-0.0437284234753
d-u-p-a;-;62;-38;869;-0.0437284234753
d-wade36;+;103;-25;869;-0.0287686996548
d-wade36;-;128;-25;869;-0.0287686996548
da-funk;+;25;-39;869;-0.0448791714614
da-funk;-;64;-39;869;-0.0448791714614
daayumn;+;15;-86;869;-0.0989643268124
daayumn;-;101;-86;869;-0.0989643268124
dad-t56c;+;12;-60;869;-0.0690448791715
dad-t56c;-;72;-60;869;-0.0690448791715
dadinho10;+;27;-65;869;-0.0747986191024
dadinho10;-;92;-65;869;-0.0747986191024
damirtankovic;+;347;265;869;0.304948216341
damirtankovic;-;82;265;869;0.304948216341
damjan-ozmec;+;52;-5;869;-0.00575373993096
damjan-ozmec;-;57;-5;869;-0.00575373993096
danger_mouse;+;25;-22;869;-0.0253164556962
danger_mouse;-;47;-22;869;-0.0253164556962
daryankoff;+;615;-283;869;-0.325661680092
daryankoff;-;898;-283;869;-0.325661680092
davide;+;19;-34;869;-0.0391254315305
davide;-;53;-34;869;-0.0391254315305
daywalker;+;37;6;869;0.00690448791715
daywalker;-;31;6;869;0.00690448791715
deadeye1;+;39;-54;869;-0.0621403912543
deadeye1;-;93;-54;869;-0.0621403912543
deancarni;+;18;-39;869;-0.0448791714614
deancarni;-;57;-39;869;-0.0448791714614
dejan1994;+;27;-27;869;-0.0310701956272
dejan1994;-;54;-27;869;-0.0310701956272
delux;+;104;51;869;0.0586881472957
delux;-;53;51;869;0.0586881472957
demetra;+;66;-48;869;-0.0552359033372
demetra;-;114;-48;869;-0.0552359033372
demiensatlier;+;106;-67;869;-0.0771001150748
demiensatlier;-;173;-67;869;-0.0771001150748
deninho1989;+;33;-6;869;-0.00690448791715
deninho1989;-;39;-6;869;-0.00690448791715
deniniho;+;48;-16;869;-0.0184119677791
deniniho;-;64;-16;869;-0.0184119677791
diazepam;+;102;-54;869;-0.0621403912543
diazepam;-;156;-54;869;-0.0621403912543
diego-armando;+;114;-89;869;-0.102416570771
diego-armando;-;203;-89;869;-0.102416570771
dimel;+;23;-26;869;-0.029919447641
dimel;-;49;-26;869;-0.029919447641
dinacc;+;40;-42;869;-0.04833141542
dinacc;-;82;-42;869;-0.04833141542
dirknowitzki;+;147;26;869;0.029919447641
dirknowitzki;-;121;26;869;0.029919447641
dirttrials;+;50;-14;869;-0.0161104718067
dirttrials;-;64;-14;869;-0.0161104718067
divac21;+;22;-47;869;-0.054085155351
divac21;-;69;-47;869;-0.054085155351
dobiica;+;85;-62;869;-0.0713463751438
dobiica;-;147;-62;869;-0.0713463751438
doblaek;+;26;-33;869;-0.0379746835443
doblaek;-;59;-33;869;-0.0379746835443
doblica;+;33;-49;869;-0.0563866513234
doblica;-;82;-49;869;-0.0563866513234
doda33;+;16;-35;869;-0.0402761795167
doda33;-;51;-35;869;-0.0402761795167
doktor-bauer;+;52;-33;869;-0.0379746835443
doktor-bauer;-;85;-33;869;-0.0379746835443
dolinc;+;36;-114;869;-0.131185270426
dolinc;-;150;-114;869;-0.131185270426
domen_92;+;27;-36;869;-0.0414269275029
domen_92;-;63;-36;869;-0.0414269275029
domobranec-ryen;+;101;-169;869;-0.194476409666
domobranec-ryen;-;270;-169;869;-0.194476409666
donkey;+;96;-10;869;-0.0115074798619
donkey;-;106;-10;869;-0.0115074798619
donkeyking;+;31;-6;869;-0.00690448791715
donkeyking;-;37;-6;869;-0.00690448791715
doubleog;+;11;-75;869;-0.0863060989643
doubleog;-;86;-75;869;-0.0863060989643
dp_mozart;+;25;-61;869;-0.0701956271577
dp_mozart;-;86;-61;869;-0.0701956271577
drago;+;24;-42;869;-0.04833141542
drago;-;66;-42;869;-0.04833141542
drash;+;45;8;869;0.00920598388953
drash;-;37;8;869;0.00920598388953
drawlord;+;75;-131;869;-0.150747986191
drawlord;-;206;-131;869;-0.150747986191
dreadlord;+;18;-51;869;-0.0586881472957
dreadlord;-;69;-51;869;-0.0586881472957
drjones;+;22;-69;869;-0.0794016110472
drjones;-;91;-69;869;-0.0794016110472
drncl;+;32;-42;869;-0.04833141542
drncl;-;74;-42;869;-0.04833141542
drop-dead;+;30;-24;869;-0.0276179516686
drop-dead;-;54;-24;869;-0.0276179516686
dusansilni;+;83;-6;869;-0.00690448791715
dusansilni;-;89;-6;869;-0.00690448791715
dylanus;+;65;39;869;0.0448791714614
dylanus;-;26;39;869;0.0448791714614
e-e;+;45;-59;869;-0.0678941311853
e-e;-;104;-59;869;-0.0678941311853
eagle012;+;82;39;869;0.0448791714614
eagle012;-;43;39;869;0.0448791714614
ebel-acroni;+;49;-29;869;-0.0333716915995
ebel-acroni;-;78;-29;869;-0.0333716915995
ekv;+;32;-8;869;-0.00920598388953
ekv;-;40;-8;869;-0.00920598388953
elemental;+;17;-60;869;-0.0690448791715
elemental;-;77;-60;869;-0.0690448791715
elko;+;40;-1;869;-0.00115074798619
elko;-;41;-1;869;-0.00115074798619
eltorro;+;10;-47;869;-0.054085155351
eltorro;-;57;-47;869;-0.054085155351
elvis1990;+;50;23;869;0.0264672036824
elvis1990;-;27;23;869;0.0264672036824
emlynhughes;+;59;-131;869;-0.150747986191
emlynhughes;-;190;-131;869;-0.150747986191
enigma1;+;79;25;869;0.0287686996548
enigma1;-;54;25;869;0.0287686996548
ennui;+;83;-111;869;-0.127733026467
ennui;-;194;-111;869;-0.127733026467
ermin;+;14;-67;869;-0.0771001150748
ermin;-;81;-67;869;-0.0771001150748
erwte35;+;31;-5;869;-0.00575373993096
erwte35;-;36;-5;869;-0.00575373993096
es-y8pg;+;41;8;869;0.00920598388953
es-y8pg;-;33;8;869;0.00920598388953
espero;+;31;-15;869;-0.0172612197929
espero;-;46;-15;869;-0.0172612197929
etienko;+;23;-66;869;-0.0759493670886
etienko;-;89;-66;869;-0.0759493670886
ettelewen;+;39;-2;869;-0.00230149597238
ettelewen;-;41;-2;869;-0.00230149597238
eu-bananistan;+;27;-28;869;-0.0322209436133
eu-bananistan;-;55;-28;869;-0.0322209436133
eva-longoria;+;34;-27;869;-0.0310701956272
eva-longoria;-;61;-27;869;-0.0310701956272
ezat_anim;+;179;-407;869;-0.46835443038
ezat_anim;-;586;-407;869;-0.46835443038
fabregas1991;+;144;-150;869;-0.172612197929
fabregas1991;-;294;-150;869;-0.172612197929
fairplayer;+;93;-277;869;-0.318757192175
fairplayer;-;370;-277;869;-0.318757192175
faktorx;+;25;-61;869;-0.0701956271577
faktorx;-;86;-61;869;-0.0701956271577
fanica28;+;190;133;869;0.153049482163
fanica28;-;57;133;869;0.153049482163
fc-mb;+;24;-53;869;-0.0609896432681
fc-mb;-;77;-53;869;-0.0609896432681
fedorov71;+;179;-550;869;-0.632911392405
fedorov71;-;729;-550;869;-0.632911392405
ferrari-fan;+;112;89;869;0.102416570771
ferrari-fan;-;23;89;869;0.102416570771
ferrari458;+;65;-6;869;-0.00690448791715
ferrari458;-;71;-6;869;-0.00690448791715
fini_gospod;+;27;-47;869;-0.054085155351
fini_gospod;-;74;-47;869;-0.054085155351
firebal-no-1;+;86;-41;869;-0.0471806674338
firebal-no-1;-;127;-41;869;-0.0471806674338
fireworker;+;66;-33;869;-0.0379746835443
fireworker;-;99;-33;869;-0.0379746835443
firnk-6clt;+;25;-79;869;-0.0909090909091
firnk-6clt;-;104;-79;869;-0.0909090909091
fissico;+;56;-62;869;-0.0713463751438
fissico;-;118;-62;869;-0.0713463751438
fleaa;+;156;-229;869;-0.263521288838
fleaa;-;385;-229;869;-0.263521288838
fndesjekl;+;46;-72;869;-0.0828538550058
fndesjekl;-;118;-72;869;-0.0828538550058
foofighter;+;100;-457;869;-0.525891829689
foofighter;-;557;-457;869;-0.525891829689
fosfat;+;114;-45;869;-0.0517836593786
fosfat;-;159;-45;869;-0.0517836593786
franc-pijanc;+;92;-123;869;-0.141542002301
franc-pijanc;-;215;-123;869;-0.141542002301
francek-xh6k;+;65;-76;869;-0.0874568469505
francek-xh6k;-;141;-76;869;-0.0874568469505
frank-james;+;22;-35;869;-0.0402761795167
frank-james;-;57;-35;869;-0.0402761795167
freestailo;+;26;-40;869;-0.0460299194476
freestailo;-;66;-40;869;-0.0460299194476
friks;+;288;-4;869;-0.00460299194476
friks;-;292;-4;869;-0.00460299194476
frutek01;+;46;-63;869;-0.07249712313
frutek01;-;109;-63;869;-0.07249712313
fudelaster;+;35;-95;869;-0.109321058688
fudelaster;-;130;-95;869;-0.109321058688
fuj_plagiatorji;+;38;-30;869;-0.0345224395857
fuj_plagiatorji;-;68;-30;869;-0.0345224395857
g1307;+;62;38;869;0.0437284234753
g1307;-;24;38;869;0.0437284234753
g33ky_fr34k;+;431;165;869;0.189873417722
g33ky_fr34k;-;266;165;869;0.189873417722
galaxy;+;29;-28;869;-0.0322209436133
galaxy;-;57;-28;869;-0.0322209436133
gapek;+;77;19;869;0.0218642117376
gapek;-;58;19;869;0.0218642117376
gappon;+;90;-80;869;-0.0920598388953
gappon;-;170;-80;869;-0.0920598388953
genniuuss;+;18;-62;869;-0.0713463751438
genniuuss;-;80;-62;869;-0.0713463751438
german;+;77;14;869;0.0161104718067
german;-;63;14;869;0.0161104718067
gesan;+;20;-114;869;-0.131185270426
gesan;-;134;-114;869;-0.131185270426
gigi76;+;7;-54;869;-0.0621403912543
gigi76;-;61;-54;869;-0.0621403912543
giroud;+;201;-116;869;-0.133486766398
giroud;-;317;-116;869;-0.133486766398
glasna;+;54;23;869;0.0264672036824
glasna;-;31;23;869;0.0264672036824
go-keith-go;+;11;-46;869;-0.0529344073648
go-keith-go;-;57;-46;869;-0.0529344073648
goalkeeper;+;20;-50;869;-0.0575373993096
goalkeeper;-;70;-50;869;-0.0575373993096
goat16;+;72;-37;869;-0.0425776754891
goat16;-;109;-37;869;-0.0425776754891
gor123;+;58;-30;869;-0.0345224395857
gor123;-;88;-30;869;-0.0345224395857
gordon;+;52;-32;869;-0.0368239355581
gordon;-;84;-32;869;-0.0368239355581
goskic;+;21;-24;869;-0.0276179516686
goskic;-;45;-24;869;-0.0276179516686
gpag;+;46;-70;869;-0.0805523590334
gpag;-;116;-70;869;-0.0805523590334
gravesen;+;189;-105;869;-0.12082853855
gravesen;-;294;-105;869;-0.12082853855
gregaa;+;20;-53;869;-0.0609896432681
gregaa;-;73;-53;869;-0.0609896432681
gregorb;+;227;-169;869;-0.194476409666
gregorb;-;396;-169;869;-0.194476409666
gregorsu;+;9;-73;869;-0.0840046029919
gregorsu;-;82;-73;869;-0.0840046029919
gregory2010;+;38;-7;869;-0.00805523590334
gregory2010;-;45;-7;869;-0.00805523590334
gregorzupancic;+;48;-49;869;-0.0563866513234
gregorzupancic;-;97;-49;869;-0.0563866513234
gregsa;+;160;59;869;0.0678941311853
gregsa;-;101;59;869;0.0678941311853
gregsz;+;165;-118;869;-0.135788262371
gregsz;-;283;-118;869;-0.135788262371
grobarrr;+;34;-169;869;-0.194476409666
grobarrr;-;203;-169;869;-0.194476409666
gromhellscream;+;42;-92;869;-0.10586881473
gromhellscream;-;134;-92;869;-0.10586881473
grugar;+;53;-50;869;-0.0575373993096
grugar;-;103;-50;869;-0.0575373993096
gumbler;+;31;-26;869;-0.029919447641
gumbler;-;57;-26;869;-0.029919447641
gumi;+;41;10;869;0.0115074798619
gumi;-;31;10;869;0.0115074798619
gunman55;+;35;-2;869;-0.00230149597238
gunman55;-;37;-2;869;-0.00230149597238
gunslinger;+;26;-26;869;-0.029919447641
gunslinger;-;52;-26;869;-0.029919447641
gushtr;+;88;-142;869;-0.163406214039
gushtr;-;230;-142;869;-0.163406214039
hafis;+;100;-89;869;-0.102416570771
hafis;-;189;-89;869;-0.102416570771
hanzy23;+;76;-38;869;-0.0437284234753
hanzy23;-;114;-38;869;-0.0437284234753
hardworker;+;16;-36;869;-0.0414269275029
hardworker;-;52;-36;869;-0.0414269275029
heinz;+;325;-2;869;-0.00230149597238
heinz;-;327;-2;869;-0.00230149597238
heldarion;+;23;-24;869;-0.0276179516686
heldarion;-;47;-24;869;-0.0276179516686
hepimen;+;60;-175;869;-0.201380897583
hepimen;-;235;-175;869;-0.201380897583
hijena;+;62;-18;869;-0.0207134637514
hijena;-;80;-18;869;-0.0207134637514
hladilnik;+;13;-63;869;-0.07249712313
hladilnik;-;76;-63;869;-0.07249712313
hrgotax;+;69;-27;869;-0.0310701956272
hrgotax;-;96;-27;869;-0.0310701956272
humwawaxaztur;+;51;-12;869;-0.0138089758343
humwawaxaztur;-;63;-12;869;-0.0138089758343
hyosung;+;33;-52;869;-0.0598388952819
hyosung;-;85;-52;869;-0.0598388952819
iawia;+;13;-42;869;-0.04833141542
iawia;-;55;-42;869;-0.04833141542
iceman-m96s;+;33;-22;869;-0.0253164556962
iceman-m96s;-;55;-22;869;-0.0253164556962
icetea;+;71;-106;869;-0.121979286536
icetea;-;177;-106;869;-0.121979286536
ice_devil;+;64;0;869;0.0
ice_devil;-;64;0;869;0.0
icos;+;42;-241;869;-0.277330264672
icos;-;283;-241;869;-0.277330264672
ics;+;43;-104;869;-0.119677790564
ics;-;147;-104;869;-0.119677790564
idaho;+;61;-93;869;-0.107019562716
idaho;-;154;-93;869;-0.107019562716
idared;+;143;27;869;0.0310701956272
idared;-;116;27;869;0.0310701956272
ikacbe;+;20;-26;869;-0.029919447641
ikacbe;-;46;-26;869;-0.029919447641
ikn1;+;16;-97;869;-0.111622554661
ikn1;-;113;-97;869;-0.111622554661
ime-egb7;+;40;-3;869;-0.00345224395857
ime-egb7;-;43;-3;869;-0.00345224395857
impact;+;30;-12;869;-0.0138089758343
impact;-;42;-12;869;-0.0138089758343
imre;+;127;-251;869;-0.288837744534
imre;-;378;-251;869;-0.288837744534
infostriker;+;32;-21;869;-0.02416570771
infostriker;-;53;-21;869;-0.02416570771
insider;+;82;-116;869;-0.133486766398
insider;-;198;-116;869;-0.133486766398
intojeto;+;34;-53;869;-0.0609896432681
intojeto;-;87;-53;869;-0.0609896432681
iowa;+;134;-238;869;-0.273878020713
iowa;-;372;-238;869;-0.273878020713
irobert;+;54;7;869;0.00805523590334
irobert;-;47;7;869;0.00805523590334
iuckylee-is-back;+;42;-46;869;-0.0529344073648
iuckylee-is-back;-;88;-46;869;-0.0529344073648
ivan-gudelj;+;42;-14;869;-0.0161104718067
ivan-gudelj;-;56;-14;869;-0.0161104718067
iztrd;+;174;-69;869;-0.0794016110472
iztrd;-;243;-69;869;-0.0794016110472
jaakaa;+;47;-177;869;-0.203682393556
jaakaa;-;224;-177;869;-0.203682393556
jaakaalj;+;54;-104;869;-0.119677790564
jaakaalj;-;158;-104;869;-0.119677790564
jackm8;+;34;-81;869;-0.0932105868815
jackm8;-;115;-81;869;-0.0932105868815
jaka93;+;64;42;869;0.04833141542
jaka93;-;22;42;869;0.04833141542
jakosol;+;94;-56;869;-0.0644418872267
jakosol;-;150;-56;869;-0.0644418872267
janbac;+;332;-63;869;-0.07249712313
janbac;-;395;-63;869;-0.07249712313
janezblond;+;51;-5;869;-0.00575373993096
janezblond;-;56;-5;869;-0.00575373993096
janezjanez-j057;+;46;0;869;0.0
janezjanez-j057;-;46;0;869;0.0
jang;+;81;-90;869;-0.103567318757
jang;-;171;-90;869;-0.103567318757
janiel74;+;128;-83;869;-0.0955120828539
janiel74;-;211;-83;869;-0.0955120828539
janko-luzar;+;52;13;869;0.0149597238205
janko-luzar;-;39;13;869;0.0149597238205
janko1973;+;356;-247;869;-0.284234752589
janko1973;-;603;-247;869;-0.284234752589
jasej1;+;37;-31;869;-0.0356731875719
jasej1;-;68;-31;869;-0.0356731875719
jasminelle;+;29;-76;869;-0.0874568469505
jasminelle;-;105;-76;869;-0.0874568469505
jast123;+;79;-110;869;-0.126582278481
jast123;-;189;-110;869;-0.126582278481
jay-6;+;52;19;869;0.0218642117376
jay-6;-;33;19;869;0.0218642117376
jbzt;+;28;-39;869;-0.0448791714614
jbzt;-;67;-39;869;-0.0448791714614
jcole;+;28;-18;869;-0.0207134637514
jcole;-;46;-18;869;-0.0207134637514
jd666;+;80;-140;869;-0.161104718067
jd666;-;220;-140;869;-0.161104718067
jedercan;+;44;-32;869;-0.0368239355581
jedercan;-;76;-32;869;-0.0368239355581
jernej-dodig;+;29;-34;869;-0.0391254315305
jernej-dodig;-;63;-34;869;-0.0391254315305
jernejzgur;+;71;54;869;0.0621403912543
jernejzgur;-;17;54;869;0.0621403912543
jeroflaek;+;36;-87;869;-0.100115074799
jeroflaek;-;123;-87;869;-0.100115074799
jerros;+;23;-38;869;-0.0437284234753
jerros;-;61;-38;869;-0.0437284234753
jest25;+;29;-119;869;-0.136939010357
jest25;-;148;-119;869;-0.136939010357
jezek_moli_moli;+;17;-35;869;-0.0402761795167
jezek_moli_moli;-;52;-35;869;-0.0402761795167
jlmezed;+;72;-149;869;-0.171461449942
jlmezed;-;221;-149;869;-0.171461449942
jo-epotrebuje;+;40;-47;869;-0.054085155351
jo-epotrebuje;-;87;-47;869;-0.054085155351
jodlzi;+;37;-9;869;-0.0103567318757
jodlzi;-;46;-9;869;-0.0103567318757
joe19;+;110;-39;869;-0.0448791714614
joe19;-;149;-39;869;-0.0448791714614
johnb;+;68;-44;869;-0.0506329113924
johnb;-;112;-44;869;-0.0506329113924
jojo7;+;31;-59;869;-0.0678941311853
jojo7;-;90;-59;869;-0.0678941311853
joshauboy;+;94;-51;869;-0.0586881472957
joshauboy;-;145;-51;869;-0.0586881472957
joy;+;284;-227;869;-0.261219792865
joy;-;511;-227;869;-0.261219792865
jujc;+;40;-35;869;-0.0402761795167
jujc;-;75;-35;869;-0.0402761795167
juninho8slo;+;106;-11;869;-0.0126582278481
juninho8slo;-;117;-11;869;-0.0126582278481
jureee;+;44;-17;869;-0.0195627157652
jureee;-;61;-17;869;-0.0195627157652
jurerock;+;31;-49;869;-0.0563866513234
jurerock;-;80;-49;869;-0.0563866513234
jure_bure;+;35;-42;869;-0.04833141542
jure_bure;-;77;-42;869;-0.04833141542
jure_mb;+;29;-61;869;-0.0701956271577
jure_mb;-;90;-61;869;-0.0701956271577
jurica;+;127;-312;869;-0.359033371692
jurica;-;439;-312;869;-0.359033371692
juveandlivar;+;32;-14;869;-0.0161104718067
juveandlivar;-;46;-14;869;-0.0161104718067
juventina10;+;77;-24;869;-0.0276179516686
juventina10;-;101;-24;869;-0.0276179516686
kafkaf;+;212;-188;869;-0.216340621404
kafkaf;-;400;-188;869;-0.216340621404
kai;+;33;-98;869;-0.112773302647
kai;-;131;-98;869;-0.112773302647
kanalija;+;83;-140;869;-0.161104718067
kanalija;-;223;-140;869;-0.161104718067
kapitan-kljuka;+;67;-72;869;-0.0828538550058
kapitan-kljuka;-;139;-72;869;-0.0828538550058
kar-eden;+;51;-66;869;-0.0759493670886
kar-eden;-;117;-66;869;-0.0759493670886
katalonec;+;30;-55;869;-0.0632911392405
katalonec;-;85;-55;869;-0.0632911392405
katana-p4zd;+;29;-15;869;-0.0172612197929
katana-p4zd;-;44;-15;869;-0.0172612197929
katastrofa;+;17;-34;869;-0.0391254315305
katastrofa;-;51;-34;869;-0.0391254315305
kauko;+;72;-48;869;-0.0552359033372
kauko;-;120;-48;869;-0.0552359033372
keketz;+;42;-95;869;-0.109321058688
keketz;-;137;-95;869;-0.109321058688
kenguru27;+;307;114;869;0.131185270426
kenguru27;-;193;114;869;0.131185270426
kentaurus;+;36;-66;869;-0.0759493670886
kentaurus;-;102;-66;869;-0.0759493670886
kimi12345;+;32;-4;869;-0.00460299194476
kimi12345;-;36;-4;869;-0.00460299194476
kindobovs;+;26;-126;869;-0.14499424626
kindobovs;-;152;-126;869;-0.14499424626
king23;+;31;-26;869;-0.029919447641
king23;-;57;-26;869;-0.029919447641
kingstone;+;24;-97;869;-0.111622554661
kingstone;-;121;-97;869;-0.111622554661
kipanaliwo;+;28;-31;869;-0.0356731875719
kipanaliwo;-;59;-31;869;-0.0356731875719
kjersoncenezaide;+;19;-43;869;-0.0494821634062
kjersoncenezaide;-;62;-43;869;-0.0494821634062
kla_man;+;35;4;869;0.00460299194476
kla_man;-;31;4;869;0.00460299194476
klemy;+;122;-200;869;-0.230149597238
klemy;-;322;-200;869;-0.230149597238
klemzyy;+;57;-45;869;-0.0517836593786
klemzyy;-;102;-45;869;-0.0517836593786
klipan;+;122;-172;869;-0.197928653625
klipan;-;294;-172;869;-0.197928653625
klmncizmek;+;52;-13;869;-0.0149597238205
klmncizmek;-;65;-13;869;-0.0149597238205
knight1987;+;113;-84;869;-0.09666283084
knight1987;-;197;-84;869;-0.09666283084
kobalt;+;21;-34;869;-0.0391254315305
kobalt;-;55;-34;869;-0.0391254315305
kobi23;+;15;-87;869;-0.100115074799
kobi23;-;102;-87;869;-0.100115074799
kobiiica;+;30;-28;869;-0.0322209436133
kobiiica;-;58;-28;869;-0.0322209436133
kok;+;20;-63;869;-0.07249712313
kok;-;83;-63;869;-0.07249712313
kokio;+;68;-43;869;-0.0494821634062
kokio;-;111;-43;869;-0.0494821634062
kokozaver;+;34;-21;869;-0.02416570771
kokozaver;-;55;-21;869;-0.02416570771
kolesar666a;+;63;-105;869;-0.12082853855
kolesar666a;-;168;-105;869;-0.12082853855
konjice;+;39;7;869;0.00805523590334
konjice;-;32;7;869;0.00805523590334
kop;+;28;-109;869;-0.125431530495
kop;-;137;-109;869;-0.125431530495
koperboy;+;38;-159;869;-0.182968929804
koperboy;-;197;-159;869;-0.182968929804
kopibrejk;+;23;-31;869;-0.0356731875719
kopibrejk;-;54;-31;869;-0.0356731875719
kopitarthegreat;+;47;-27;869;-0.0310701956272
kopitarthegreat;-;74;-27;869;-0.0310701956272
koren-prsmojen;+;14;-63;869;-0.07249712313
koren-prsmojen;-;77;-63;869;-0.07249712313
korenc;+;28;-17;869;-0.0195627157652
korenc;-;45;-17;869;-0.0195627157652
korosec19;+;27;-13;869;-0.0149597238205
korosec19;-;40;-13;869;-0.0149597238205
korotan;+;39;-151;869;-0.173762945915
korotan;-;190;-151;869;-0.173762945915
kosmatapazduha;+;71;-74;869;-0.0851553509781
kosmatapazduha;-;145;-74;869;-0.0851553509781
kozlevcar;+;38;-13;869;-0.0149597238205
kozlevcar;-;51;-13;869;-0.0149597238205
kozorog1973;+;91;-77;869;-0.0886075949367
kozorog1973;-;168;-77;869;-0.0886075949367
kralj-matja;+;34;-65;869;-0.0747986191024
kralj-matja;-;99;-65;869;-0.0747986191024
kralj-tvrtko;+;48;8;869;0.00920598388953
kralj-tvrtko;-;40;8;869;0.00920598388953
kramci;+;44;-120;869;-0.138089758343
kramci;-;164;-120;869;-0.138089758343
kraner-oquh;+;34;-41;869;-0.0471806674338
kraner-oquh;-;75;-41;869;-0.0471806674338
kreativni-hrvat;+;127;34;869;0.0391254315305
kreativni-hrvat;-;93;34;869;0.0391254315305
krjen3;+;88;-8;869;-0.00920598388953
krjen3;-;96;-8;869;-0.00920598388953
krkanm18;+;59;-58;869;-0.0667433831991
krkanm18;-;117;-58;869;-0.0667433831991
krkas;+;47;8;869;0.00920598388953
krkas;-;39;8;869;0.00920598388953
krosnjar;+;10;-51;869;-0.0586881472957
krosnjar;-;61;-51;869;-0.0586881472957
krpani;+;45;-117;869;-0.134637514384
krpani;-;162;-117;869;-0.134637514384
krumpek;+;33;-31;869;-0.0356731875719
krumpek;-;64;-31;869;-0.0356731875719
kucheysh;+;30;-208;869;-0.239355581128
kucheysh;-;238;-208;869;-0.239355581128
kum-50;+;28;-12;869;-0.0138089758343
kum-50;-;40;-12;869;-0.0138089758343
kumimonster;+;43;8;869;0.00920598388953
kumimonster;-;35;8;869;0.00920598388953
kunta-kinte;+;99;-210;869;-0.2416570771
kunta-kinte;-;309;-210;869;-0.2416570771
kuntekinte;+;28;-41;869;-0.0471806674338
kuntekinte;-;69;-41;869;-0.0471806674338
kurjac-jt6h;+;13;-83;869;-0.0955120828539
kurjac-jt6h;-;96;-83;869;-0.0955120828539
kurt-china;+;16;-59;869;-0.0678941311853
kurt-china;-;75;-59;869;-0.0678941311853
kvaternik;+;15;-141;869;-0.162255466053
kvaternik;-;156;-141;869;-0.162255466053
kwayzdey;+;43;12;869;0.0138089758343
kwayzdey;-;31;12;869;0.0138089758343
k_ris;+;22;-51;869;-0.0586881472957
k_ris;-;73;-51;869;-0.0586881472957
l-amolin;+;76;-133;869;-0.153049482163
l-amolin;-;209;-133;869;-0.153049482163
l-curek;+;52;-23;869;-0.0264672036824
l-curek;-;75;-23;869;-0.0264672036824
la-sonrisa;+;39;-12;869;-0.0138089758343
la-sonrisa;-;51;-12;869;-0.0138089758343
ladu;+;34;-48;869;-0.0552359033372
ladu;-;82;-48;869;-0.0552359033372
lascan1;+;39;-36;869;-0.0414269275029
lascan1;-;75;-36;869;-0.0414269275029
latamprle;+;47;-76;869;-0.0874568469505
latamprle;-;123;-76;869;-0.0874568469505
latex;+;33;-1;869;-0.00115074798619
latex;-;34;-1;869;-0.00115074798619
le-courage;+;28;-30;869;-0.0345224395857
le-courage;-;58;-30;869;-0.0345224395857
lechy;+;232;36;869;0.0414269275029
lechy;-;196;36;869;0.0414269275029
ledeni_-ioqs;+;52;-30;869;-0.0345224395857
ledeni_-ioqs;-;82;-30;869;-0.0345224395857
ledzeppelin;+;61;20;869;0.0230149597238
ledzeppelin;-;41;20;869;0.0230149597238
leftwinger;+;31;-25;869;-0.0287686996548
leftwinger;-;56;-25;869;-0.0287686996548
legenda3;+;149;-68;869;-0.078250863061
legenda3;-;217;-68;869;-0.078250863061
legenda7;+;157;-108;869;-0.124280782509
legenda7;-;265;-108;869;-0.124280782509
leomessi10;+;302;-166;869;-0.191024165708
leomessi10;-;468;-166;869;-0.191024165708
levak;+;58;-24;869;-0.0276179516686
levak;-;82;-24;869;-0.0276179516686
levkup;+;80;-138;869;-0.158803222094
levkup;-;218;-138;869;-0.158803222094
lfc;+;307;-234;869;-0.269275028769
lfc;-;541;-234;869;-0.269275028769
likid;+;15;-42;869;-0.04833141542
likid;-;57;-42;869;-0.04833141542
ljga;+;39;-39;869;-0.0448791714614
ljga;-;78;-39;869;-0.0448791714614
ljsn;+;47;-39;869;-0.0448791714614
ljsn;-;86;-39;869;-0.0448791714614
lmatja;+;116;-93;869;-0.107019562716
lmatja;-;209;-93;869;-0.107019562716
lojal;+;58;-44;869;-0.0506329113924
lojal;-;102;-44;869;-0.0506329113924
lookaaa;+;106;-108;869;-0.124280782509
lookaaa;-;214;-108;869;-0.124280782509
lord-of-d-rings;+;32;-11;869;-0.0126582278481
lord-of-d-rings;-;43;-11;869;-0.0126582278481
loucypher;+;67;-120;869;-0.138089758343
loucypher;-;187;-120;869;-0.138089758343
lovec-fq5z;+;21;-41;869;-0.0471806674338
lovec-fq5z;-;62;-41;869;-0.0471806674338
lo_pa__ta;+;68;-10;869;-0.0115074798619
lo_pa__ta;-;78;-10;869;-0.0115074798619
lu-yehi;+;19;-40;869;-0.0460299194476
lu-yehi;-;59;-40;869;-0.0460299194476
luisnani17;+;168;-282;869;-0.324510932106
luisnani17;-;450;-282;869;-0.324510932106
luka007;+;168;-253;869;-0.291139240506
luka007;-;421;-253;869;-0.291139240506
luka101;+;17;-53;869;-0.0609896432681
luka101;-;70;-53;869;-0.0609896432681
lukace5;+;76;-403;869;-0.463751438435
lukace5;-;479;-403;869;-0.463751438435
lwzr;+;19;-67;869;-0.0771001150748
lwzr;-;86;-67;869;-0.0771001150748
lzilzola;+;53;-18;869;-0.0207134637514
lzilzola;-;71;-18;869;-0.0207134637514
lzuti;+;20;-44;869;-0.0506329113924
lzuti;-;64;-44;869;-0.0506329113924
m-filter;+;23;-94;869;-0.108170310702
m-filter;-;117;-94;869;-0.108170310702
maaajcikaaa;+;73;-21;869;-0.02416570771
maaajcikaaa;-;94;-21;869;-0.02416570771
macek;+;49;20;869;0.0230149597238
macek;-;29;20;869;0.0230149597238
macupicu;+;20;-63;869;-0.07249712313
macupicu;-;83;-63;869;-0.07249712313
madnes;+;33;-24;869;-0.0276179516686
madnes;-;57;-24;869;-0.0276179516686
madobromakaj;+;42;-1;869;-0.00115074798619
madobromakaj;-;43;-1;869;-0.00115074798619
maestral-g4z8;+;15;-37;869;-0.0425776754891
maestral-g4z8;-;52;-37;869;-0.0425776754891
majkomila;+;36;-60;869;-0.0690448791715
majkomila;-;96;-60;869;-0.0690448791715
majster-22ev;+;52;-28;869;-0.0322209436133
majster-22ev;-;80;-28;869;-0.0322209436133
mala-jeb7;+;97;50;869;0.0575373993096
mala-jeb7;-;47;50;869;0.0575373993096
mali-metulj-ek;+;41;0;869;0.0
mali-metulj-ek;-;41;0;869;0.0
malidelnicar;+;56;-17;869;-0.0195627157652
malidelnicar;-;73;-17;869;-0.0195627157652
mamutar;+;23;-32;869;-0.0368239355581
mamutar;-;55;-32;869;-0.0368239355581
maniac-n0fb;+;33;-94;869;-0.108170310702
maniac-n0fb;-;127;-94;869;-0.108170310702
manrose-b8nd;+;19;-59;869;-0.0678941311853
manrose-b8nd;-;78;-59;869;-0.0678941311853
marialorca;+;60;-50;869;-0.0575373993096
marialorca;-;110;-50;869;-0.0575373993096
marjan91;+;37;5;869;0.00575373993096
marjan91;-;32;5;869;0.00575373993096
mark-22;+;50;-14;869;-0.0161104718067
mark-22;-;64;-14;869;-0.0161104718067
martin112;+;73;-91;869;-0.104718066743
martin112;-;164;-91;869;-0.104718066743
martinsk;+;36;-20;869;-0.0230149597238
martinsk;-;56;-20;869;-0.0230149597238
marvin42;+;25;-34;869;-0.0391254315305
marvin42;-;59;-34;869;-0.0391254315305
master;+;84;-144;869;-0.165707710012
master;-;228;-144;869;-0.165707710012
mat;+;32;-56;869;-0.0644418872267
mat;-;88;-56;869;-0.0644418872267
mate1234567890;+;206;78;869;0.0897583429229
mate1234567890;-;128;78;869;0.0897583429229
matej-kl28;+;26;-55;869;-0.0632911392405
matej-kl28;-;81;-55;869;-0.0632911392405
matjazp;+;228;74;869;0.0851553509781
matjazp;-;154;74;869;0.0851553509781
maxbernie;+;18;-36;869;-0.0414269275029
maxbernie;-;54;-36;869;-0.0414269275029
ma_ri_bor;+;53;-26;869;-0.029919447641
ma_ri_bor;-;79;-26;869;-0.029919447641
mcbobber;+;43;-40;869;-0.0460299194476
mcbobber;-;83;-40;869;-0.0460299194476
md-zz4b;+;50;31;869;0.0356731875719
md-zz4b;-;19;31;869;0.0356731875719
mdural-qyxm;+;23;-51;869;-0.0586881472957
mdural-qyxm;-;74;-51;869;-0.0586881472957
medo-9yoi;+;70;4;869;0.00460299194476
medo-9yoi;-;66;4;869;0.00460299194476
medoo-rglh;+;38;-3;869;-0.00345224395857
medoo-rglh;-;41;-3;869;-0.00345224395857
megla111;+;30;-28;869;-0.0322209436133
megla111;-;58;-28;869;-0.0322209436133
melanholik;+;18;-81;869;-0.0932105868815
melanholik;-;99;-81;869;-0.0932105868815
melitam;+;23;-36;869;-0.0414269275029
melitam;-;59;-36;869;-0.0414269275029
merjasec;+;13;-56;869;-0.0644418872267
merjasec;-;69;-56;869;-0.0644418872267
merlot;+;40;-44;869;-0.0506329113924
merlot;-;84;-44;869;-0.0506329113924
metk;+;22;-66;869;-0.0759493670886
metk;-;88;-66;869;-0.0759493670886
mha-78ad;+;26;-91;869;-0.104718066743
mha-78ad;-;117;-91;869;-0.104718066743
micesar;+;20;-26;869;-0.029919447641
micesar;-;46;-26;869;-0.029919447641
mid;+;31;-155;869;-0.17836593786
mid;-;186;-155;869;-0.17836593786
mihaj1-nq4s;+;19;-37;869;-0.0425776754891
mihaj1-nq4s;-;56;-37;869;-0.0425776754891
mihamiha23;+;49;6;869;0.00690448791715
mihamiha23;-;43;6;869;0.00690448791715
mihas;+;21;-55;869;-0.0632911392405
mihas;-;76;-55;869;-0.0632911392405
mihatirs;+;121;-119;869;-0.136939010357
mihatirs;-;240;-119;869;-0.136939010357
mike1825;+;25;-49;869;-0.0563866513234
mike1825;-;74;-49;869;-0.0563866513234
mike81;+;21;-47;869;-0.054085155351
mike81;-;68;-47;869;-0.054085155351
mikedean;+;126;-44;869;-0.0506329113924
mikedean;-;170;-44;869;-0.0506329113924
miki331;+;102;-74;869;-0.0851553509781
miki331;-;176;-74;869;-0.0851553509781
mikic007;+;40;-212;869;-0.243958573072
mikic007;-;252;-212;869;-0.243958573072
miki_miska;+;179;-153;869;-0.176064441887
miki_miska;-;332;-153;869;-0.176064441887
milanche;+;40;-14;869;-0.0161104718067
milanche;-;54;-14;869;-0.0161104718067
milenko-t34c;+;21;-38;869;-0.0437284234753
milenko-t34c;-;59;-38;869;-0.0437284234753
milmar;+;43;4;869;0.00460299194476
milmar;-;39;4;869;0.00460299194476
mindmaster;+;10;-57;869;-0.0655926352129
mindmaster;-;67;-57;869;-0.0655926352129
mirkoking;+;18;-37;869;-0.0425776754891
mirkoking;-;55;-37;869;-0.0425776754891
miroslav;+;27;-28;869;-0.0322209436133
miroslav;-;55;-28;869;-0.0322209436133
mjex;+;36;-15;869;-0.0172612197929
mjex;-;51;-15;869;-0.0172612197929
mlrncan;+;50;-27;869;-0.0310701956272
mlrncan;-;77;-27;869;-0.0310701956272
mocco;+;99;-101;869;-0.116225546605
mocco;-;200;-101;869;-0.116225546605
model-r1yn;+;18;-42;869;-0.04833141542
model-r1yn;-;60;-42;869;-0.04833141542
modzo;+;45;-97;869;-0.111622554661
modzo;-;142;-97;869;-0.111622554661
mojcd;+;35;-55;869;-0.0632911392405
mojcd;-;90;-55;869;-0.0632911392405
montebuba;+;62;19;869;0.0218642117376
montebuba;-;43;19;869;0.0218642117376
mooodeeel;+;28;-14;869;-0.0161104718067
mooodeeel;-;42;-14;869;-0.0161104718067
morgen;+;12;-52;869;-0.0598388952819
morgen;-;64;-52;869;-0.0598388952819
morgenstern-djl6;+;44;-70;869;-0.0805523590334
morgenstern-djl6;-;114;-70;869;-0.0805523590334
motorbreath;+;26;-47;869;-0.054085155351
motorbreath;-;73;-47;869;-0.054085155351
mp3ce;+;70;40;869;0.0460299194476
mp3ce;-;30;40;869;0.0460299194476
mprivse;+;32;-16;869;-0.0184119677791
mprivse;-;48;-16;869;-0.0184119677791
mr-d;+;253;-215;869;-0.247410817031
mr-d;-;468;-215;869;-0.247410817031
mr-miyagi;+;77;0;869;0.0
mr-miyagi;-;77;0;869;0.0
mr-pp;+;17;-49;869;-0.0563866513234
mr-pp;-;66;-49;869;-0.0563866513234
mrsepia;+;33;-12;869;-0.0138089758343
mrsepia;-;45;-12;869;-0.0138089758343
ms-dante;+;30;-18;869;-0.0207134637514
ms-dante;-;48;-18;869;-0.0207134637514
mu-ica;+;74;-334;869;-0.384349827388
mu-ica;-;408;-334;869;-0.384349827388
mucek113;+;74;-210;869;-0.2416570771
mucek113;-;284;-210;869;-0.2416570771
mui;+;26;-47;869;-0.054085155351
mui;-;73;-47;869;-0.054085155351
mulcon;+;120;24;869;0.0276179516686
mulcon;-;96;24;869;0.0276179516686
muribor;+;71;52;869;0.0598388952819
muribor;-;19;52;869;0.0598388952819
mushroom;+;84;-128;869;-0.147295742232
mushroom;-;212;-128;869;-0.147295742232
mzija10;+;57;8;869;0.00920598388953
mzija10;-;49;8;869;0.00920598388953
nacek;+;44;9;869;0.0103567318757
nacek;-;35;9;869;0.0103567318757
name59;+;37;-12;869;-0.0138089758343
name59;-;49;-12;869;-0.0138089758343
nanook-ljb1;+;29;-42;869;-0.04833141542
nanook-ljb1;-;71;-42;869;-0.04833141542
napo11;+;63;-54;869;-0.0621403912543
napo11;-;117;-54;869;-0.0621403912543
naugty-by-nature;+;73;-122;869;-0.140391254315
naugty-by-nature;-;195;-122;869;-0.140391254315
nb21;+;82;-40;869;-0.0460299194476
nb21;-;122;-40;869;-0.0460299194476
nbatv;+;51;-69;869;-0.0794016110472
nbatv;-;120;-69;869;-0.0794016110472
nellyville;+;52;-185;869;-0.212888377445
nellyville;-;237;-185;869;-0.212888377445
nemafiji;+;35;-33;869;-0.0379746835443
nemafiji;-;68;-33;869;-0.0379746835443
nenn0;+;15;-55;869;-0.0632911392405
nenn0;-;70;-55;869;-0.0632911392405
neo_;+;18;-33;869;-0.0379746835443
neo_;-;51;-33;869;-0.0379746835443
nerd;+;53;-1;869;-0.00115074798619
nerd;-;54;-1;869;-0.00115074798619
nikec3;+;253;-79;869;-0.0909090909091
nikec3;-;332;-79;869;-0.0909090909091
nim;+;44;9;869;0.0103567318757
nim;-;35;9;869;0.0103567318757
nincy2;+;38;0;869;0.0
nincy2;-;38;0;869;0.0
no72;+;199;-56;869;-0.0644418872267
no72;-;255;-56;869;-0.0644418872267
nocik;+;52;-132;869;-0.151898734177
nocik;-;184;-132;869;-0.151898734177
nody;+;117;91;869;0.104718066743
nody;-;26;91;869;0.104718066743
nogav1ca;+;32;-47;869;-0.054085155351
nogav1ca;-;79;-47;869;-0.054085155351
nomenestomen;+;59;-41;869;-0.0471806674338
nomenestomen;-;100;-41;869;-0.0471806674338
nordnung;+;40;14;869;0.0161104718067
nordnung;-;26;14;869;0.0161104718067
norigoban;+;55;-9;869;-0.0103567318757
norigoban;-;64;-9;869;-0.0103567318757
nowitzki41;+;28;-60;869;-0.0690448791715
nowitzki41;-;88;-60;869;-0.0690448791715
no_remorse;+;18;-30;869;-0.0345224395857
no_remorse;-;48;-30;869;-0.0345224395857
ntbul;+;25;-64;869;-0.0736478711162
ntbul;-;89;-64;869;-0.0736478711162
o-fenomeno;+;45;-77;869;-0.0886075949367
o-fenomeno;-;122;-77;869;-0.0886075949367
ocelot;+;33;-70;869;-0.0805523590334
ocelot;-;103;-70;869;-0.0805523590334
octopus;+;29;-65;869;-0.0747986191024
octopus;-;94;-65;869;-0.0747986191024
odklop-76;+;100;38;869;0.0437284234753
odklop-76;-;62;38;869;0.0437284234753
oildome;+;125;-113;869;-0.13003452244
oildome;-;238;-113;869;-0.13003452244
olimpija-3;+;9;-51;869;-0.0586881472957
olimpija-3;-;60;-51;869;-0.0586881472957
olimpija-63zr;+;26;-56;869;-0.0644418872267
olimpija-63zr;-;82;-56;869;-0.0644418872267
olimpija-no1;+;51;-115;869;-0.132336018412
olimpija-no1;-;166;-115;869;-0.132336018412
olimpijavsrcu;+;66;-140;869;-0.161104718067
olimpijavsrcu;-;206;-140;869;-0.161104718067
ol_im_pi_ja;+;34;-59;869;-0.0678941311853
ol_im_pi_ja;-;93;-59;869;-0.0678941311853
oneround;+;69;-46;869;-0.0529344073648
oneround;-;115;-46;869;-0.0529344073648
onzy25;+;106;-35;869;-0.0402761795167
onzy25;-;141;-35;869;-0.0402761795167
opec;+;45;-70;869;-0.0805523590334
opec;-;115;-70;869;-0.0805523590334
opteron;+;51;-61;869;-0.0701956271577
opteron;-;112;-61;869;-0.0701956271577
optimus;+;14;-42;869;-0.04833141542
optimus;-;56;-42;869;-0.04833141542
oxy;+;27;-19;869;-0.0218642117376
oxy;-;46;-19;869;-0.0218642117376
pacifist71;+;23;-34;869;-0.0391254315305
pacifist71;-;57;-34;869;-0.0391254315305
paganinis;+;53;-126;869;-0.14499424626
paganinis;-;179;-126;869;-0.14499424626
pahorcek;+;61;-41;869;-0.0471806674338
pahorcek;-;102;-41;869;-0.0471806674338
paperino;+;71;-296;869;-0.340621403913
paperino;-;367;-296;869;-0.340621403913
paradiznik;+;18;-35;869;-0.0402761795167
paradiznik;-;53;-35;869;-0.0402761795167
partibrejker;+;14;-47;869;-0.054085155351
partibrejker;-;61;-47;869;-0.054085155351
partyboy;+;107;-129;869;-0.148446490219
partyboy;-;236;-129;869;-0.148446490219
patrakadabra18;+;35;-4;869;-0.00460299194476
patrakadabra18;-;39;-4;869;-0.00460299194476
pd;+;17;-37;869;-0.0425776754891
pd;-;54;-37;869;-0.0425776754891
penyablaugrana;+;69;-105;869;-0.12082853855
penyablaugrana;-;174;-105;869;-0.12082853855
perice;+;49;-53;869;-0.0609896432681
perice;-;102;-53;869;-0.0609896432681
perlica;+;20;-37;869;-0.0425776754891
perlica;-;57;-37;869;-0.0425776754891
pesnik123;+;41;-58;869;-0.0667433831991
pesnik123;-;99;-58;869;-0.0667433831991
peter;+;70;17;869;0.0195627157652
peter;-;53;17;869;0.0195627157652
peters;+;46;-199;869;-0.228998849252
peters;-;245;-199;869;-0.228998849252
peter_skater;+;45;-29;869;-0.0333716915995
peter_skater;-;74;-29;869;-0.0333716915995
pezdicek;+;39;-80;869;-0.0920598388953
pezdicek;-;119;-80;869;-0.0920598388953
piatim69;+;25;-109;869;-0.125431530495
piatim69;-;134;-109;869;-0.125431530495
pigl;+;30;-38;869;-0.0437284234753
pigl;-;68;-38;869;-0.0437284234753
pikam_dopust;+;7;-59;869;-0.0678941311853
pikam_dopust;-;66;-59;869;-0.0678941311853
pingo69;+;86;-56;869;-0.0644418872267
pingo69;-;142;-56;869;-0.0644418872267
pingu5;+;35;-51;869;-0.0586881472957
pingu5;-;86;-51;869;-0.0586881472957
pingvi;+;71;24;869;0.0276179516686
pingvi;-;47;24;869;0.0276179516686
pingvini-slo;+;32;-24;869;-0.0276179516686
pingvini-slo;-;56;-24;869;-0.0276179516686
pinkfloyd123;+;168;89;869;0.102416570771
pinkfloyd123;-;79;89;869;0.102416570771
pistons_boy;+;84;-126;869;-0.14499424626
pistons_boy;-;210;-126;869;-0.14499424626
pitbull-m78b;+;42;-5;869;-0.00575373993096
pitbull-m78b;-;47;-5;869;-0.00575373993096
pixelbitch;+;176;-159;869;-0.182968929804
pixelbitch;-;335;-159;869;-0.182968929804
player-x;+;34;2;869;0.00230149597238
player-x;-;32;2;869;0.00230149597238
ples;+;66;-62;869;-0.0713463751438
ples;-;128;-62;869;-0.0713463751438
plexi;+;27;-62;869;-0.0713463751438
plexi;-;89;-62;869;-0.0713463751438
pnovak2;+;41;-3;869;-0.00345224395857
pnovak2;-;44;-3;869;-0.00345224395857
pokemon;+;51;-41;869;-0.0471806674338
pokemon;-;92;-41;869;-0.0471806674338
polo;+;22;-70;869;-0.0805523590334
polo;-;92;-70;869;-0.0805523590334
polymath;+;109;11;869;0.0126582278481
polymath;-;98;11;869;0.0126582278481
ponos;+;33;-50;869;-0.0575373993096
ponos;-;83;-50;869;-0.0575373993096
ponudnik;+;500;-246;869;-0.283084004603
ponudnik;-;746;-246;869;-0.283084004603
portnik1990;+;30;-40;869;-0.0460299194476
portnik1990;-;70;-40;869;-0.0460299194476
pravicni-hrvat;+;44;-22;869;-0.0253164556962
pravicni-hrvat;-;66;-22;869;-0.0253164556962
pravnik1971;+;196;-2;869;-0.00230149597238
pravnik1971;-;198;-2;869;-0.00230149597238
preprost2;+;31;-34;869;-0.0391254315305
preprost2;-;65;-34;869;-0.0391254315305
prim00z;+;55;-16;869;-0.0184119677791
prim00z;-;71;-16;869;-0.0184119677791
primos;+;96;-535;869;-0.615650172612
primos;-;631;-535;869;-0.615650172612
proteus-uh8x;+;51;-57;869;-0.0655926352129
proteus-uh8x;-;108;-57;869;-0.0655926352129
proven;+;30;-31;869;-0.0356731875719
proven;-;61;-31;869;-0.0356731875719
ptolomej;+;63;48;869;0.0552359033372
ptolomej;-;15;48;869;0.0552359033372
pumadrifter;+;26;-42;869;-0.04833141542
pumadrifter;-;68;-42;869;-0.04833141542
pureredneck;+;50;-35;869;-0.0402761795167
pureredneck;-;85;-35;869;-0.0402761795167
raff69;+;29;-9;869;-0.0103567318757
raff69;-;38;-9;869;-0.0103567318757
ralfi9;+;51;-12;869;-0.0138089758343
ralfi9;-;63;-12;869;-0.0138089758343
rambaldi;+;11;-56;869;-0.0644418872267
rambaldi;-;67;-56;869;-0.0644418872267
rap_coko;+;50;-117;869;-0.134637514384
rap_coko;-;167;-117;869;-0.134637514384
raven_;+;121;-158;869;-0.181818181818
raven_;-;279;-158;869;-0.181818181818
rdeci-valjar;+;94;-13;869;-0.0149597238205
rdeci-valjar;-;107;-13;869;-0.0149597238205
rdecinavijac;+;181;-195;869;-0.224395857307
rdecinavijac;-;376;-195;869;-0.224395857307
realna-slika;+;23;-98;869;-0.112773302647
realna-slika;-;121;-98;869;-0.112773302647
realtoreal;+;35;-71;869;-0.0817031070196
realtoreal;-;106;-71;869;-0.0817031070196
reddevil21;+;40;-20;869;-0.0230149597238
reddevil21;-;60;-20;869;-0.0230149597238
refik;+;22;-41;869;-0.0471806674338
refik;-;63;-41;869;-0.0471806674338
reflexaspire;+;23;-34;869;-0.0391254315305
reflexaspire;-;57;-34;869;-0.0391254315305
rexi09;+;43;-150;869;-0.172612197929
rexi09;-;193;-150;869;-0.172612197929
rexi888;+;47;-134;869;-0.15420023015
rexi888;-;181;-134;869;-0.15420023015
robby-g2ex;+;23;-52;869;-0.0598388952819
robby-g2ex;-;75;-52;869;-0.0598388952819
robert80;+;87;50;869;0.0575373993096
robert80;-;37;50;869;0.0575373993096
robi111;+;12;-69;869;-0.0794016110472
robi111;-;81;-69;869;-0.0794016110472
robi82;+;174;-55;869;-0.0632911392405
robi82;-;229;-55;869;-0.0632911392405
robimilan;+;35;-27;869;-0.0310701956272
robimilan;-;62;-27;869;-0.0310701956272
roc;+;31;-15;869;-0.0172612197929
roc;-;46;-15;869;-0.0172612197929
roccat;+;178;-104;869;-0.119677790564
roccat;-;282;-104;869;-0.119677790564
roccer;+;36;-16;869;-0.0184119677791
roccer;-;52;-16;869;-0.0184119677791
rok-kosir;+;156;-50;869;-0.0575373993096
rok-kosir;-;206;-50;869;-0.0575373993096
rok-ometala;+;16;-56;869;-0.0644418872267
rok-ometala;-;72;-56;869;-0.0644418872267
rok85;+;43;-30;869;-0.0345224395857
rok85;-;73;-30;869;-0.0345224395857
rokec;+;214;-163;869;-0.187571921749
rokec;-;377;-163;869;-0.187571921749
rokee;+;21;-62;869;-0.0713463751438
rokee;-;83;-62;869;-0.0713463751438
rokers;+;140;-75;869;-0.0863060989643
rokers;-;215;-75;869;-0.0863060989643
roko5;+;14;-76;869;-0.0874568469505
roko5;-;90;-76;869;-0.0874568469505
rokosan;+;81;-234;869;-0.269275028769
rokosan;-;315;-234;869;-0.269275028769
roky-62ik;+;37;-8;869;-0.00920598388953
roky-62ik;-;45;-8;869;-0.00920598388953
rolf;+;30;-153;869;-0.176064441887
rolf;-;183;-153;869;-0.176064441887
rond-i;+;26;-25;869;-0.0287686996548
rond-i;-;51;-25;869;-0.0287686996548
ronzi;+;44;-48;869;-0.0552359033372
ronzi;-;92;-48;869;-0.0552359033372
rookie75;+;47;-4;869;-0.00460299194476
rookie75;-;51;-4;869;-0.00460299194476
rooster;+;24;-23;869;-0.0264672036824
rooster;-;47;-23;869;-0.0264672036824
rosa-tina;+;22;-22;869;-0.0253164556962
rosa-tina;-;44;-22;869;-0.0253164556962
roxana-1u4j;+;89;68;869;0.078250863061
roxana-1u4j;-;21;68;869;0.078250863061
roxdegabba;+;156;-159;869;-0.182968929804
roxdegabba;-;315;-159;869;-0.182968929804
roxon;+;58;-116;869;-0.133486766398
roxon;-;174;-116;869;-0.133486766398
royalclub;+;58;-99;869;-0.113924050633
royalclub;-;157;-99;869;-0.113924050633
royayers;+;128;-84;869;-0.09666283084
royayers;-;212;-84;869;-0.09666283084
rudecorona;+;26;-28;869;-0.0322209436133
rudecorona;-;54;-28;869;-0.0322209436133
rudes;+;69;-44;869;-0.0506329113924
rudes;-;113;-44;869;-0.0506329113924
rui;+;20;-144;869;-0.165707710012
rui;-;164;-144;869;-0.165707710012
rumenige;+;65;-7;869;-0.00805523590334
rumenige;-;72;-7;869;-0.00805523590334
rush1;+;56;-11;869;-0.0126582278481
rush1;-;67;-11;869;-0.0126582278481
ryan;+;69;-11;869;-0.0126582278481
ryan;-;80;-11;869;-0.0126582278481
samburin;+;25;-20;869;-0.0230149597238
samburin;-;45;-20;869;-0.0230149597238
samo-zakes;+;227;-443;869;-0.509781357883
samo-zakes;-;670;-443;869;-0.509781357883
samsa;+;142;-79;869;-0.0909090909091
samsa;-;221;-79;869;-0.0909090909091
samsvojmojster;+;47;-40;869;-0.0460299194476
samsvojmojster;-;87;-40;869;-0.0460299194476
sandie;+;95;2;869;0.00230149597238
sandie;-;93;2;869;0.00230149597238
sandro105105;+;25;-17;869;-0.0195627157652
sandro105105;-;42;-17;869;-0.0195627157652
sauromon;+;53;-2;869;-0.00230149597238
sauromon;-;55;-2;869;-0.00230149597238
scenic;+;810;-331;869;-0.380897583429
scenic;-;1141;-331;869;-0.380897583429
schawlly;+;106;-167;869;-0.192174913694
schawlly;-;273;-167;869;-0.192174913694
schickeria;+;41;-63;869;-0.07249712313
schickeria;-;104;-63;869;-0.07249712313
scouser268;+;154;-46;869;-0.0529344073648
scouser268;-;200;-46;869;-0.0529344073648
sejnik;+;25;-33;869;-0.0379746835443
sejnik;-;58;-33;869;-0.0379746835443
sela666;+;22;-51;869;-0.0586881472957
sela666;-;73;-51;869;-0.0586881472957
semrola;+;102;-67;869;-0.0771001150748
semrola;-;169;-67;869;-0.0771001150748
senna-maze-28;+;1723;171;869;0.196777905639
senna-maze-28;-;1552;171;869;0.196777905639
sentinelslo;+;36;-40;869;-0.0460299194476
sentinelslo;-;76;-40;869;-0.0460299194476
seo-away;+;74;-19;869;-0.0218642117376
seo-away;-;93;-19;869;-0.0218642117376
sf010;+;84;-71;869;-0.0817031070196
sf010;-;155;-71;869;-0.0817031070196
shadyman;+;61;-57;869;-0.0655926352129
shadyman;-;118;-57;869;-0.0655926352129
shambala;+;33;-53;869;-0.0609896432681
shambala;-;86;-53;869;-0.0609896432681
sharkaa;+;35;-2;869;-0.00230149597238
sharkaa;-;37;-2;869;-0.00230149597238
sharkyslo;+;76;-38;869;-0.0437284234753
sharkyslo;-;114;-38;869;-0.0437284234753
shearer-alan;+;35;-98;869;-0.112773302647
shearer-alan;-;133;-98;869;-0.112773302647
shostakovich;+;27;-13;869;-0.0149597238205
shostakovich;-;40;-13;869;-0.0149597238205
shotup3;+;346;266;869;0.306098964327
shotup3;-;80;266;869;0.306098964327
sibid;+;57;-43;869;-0.0494821634062
sibid;-;100;-43;869;-0.0494821634062
siggi;+;35;-71;869;-0.0817031070196
siggi;-;106;-71;869;-0.0817031070196
sik;+;59;-39;869;-0.0448791714614
sik;-;98;-39;869;-0.0448791714614
simon1;+;16;-42;869;-0.04833141542
simon1;-;58;-42;869;-0.04833141542
sinanfakic;+;51;11;869;0.0126582278481
sinanfakic;-;40;11;869;0.0126582278481
sintaksa;+;18;-55;869;-0.0632911392405
sintaksa;-;73;-55;869;-0.0632911392405
sking;+;69;-25;869;-0.0287686996548
sking;-;94;-25;869;-0.0287686996548
skodaoctavia;+;96;9;869;0.0103567318757
skodaoctavia;-;87;9;869;0.0103567318757
skoviik;+;13;-45;869;-0.0517836593786
skoviik;-;58;-45;869;-0.0517836593786
skunex;+;10;-46;869;-0.0529344073648
skunex;-;56;-46;869;-0.0529344073648
skunexl;+;36;-97;869;-0.111622554661
skunexl;-;133;-97;869;-0.111622554661
slamic;+;20;-59;869;-0.0678941311853
slamic;-;79;-59;869;-0.0678941311853
slavkodobrina;+;140;40;869;0.0460299194476
slavkodobrina;-;100;40;869;0.0460299194476
slavkoklobasa;+;26;-61;869;-0.0701956271577
slavkoklobasa;-;87;-61;869;-0.0701956271577
slofanaticos;+;29;-30;869;-0.0345224395857
slofanaticos;-;59;-30;869;-0.0345224395857
slokid;+;67;-15;869;-0.0172612197929
slokid;-;82;-15;869;-0.0172612197929
slovenc-85;+;41;7;869;0.00805523590334
slovenc-85;-;34;7;869;0.00805523590334
slovenc-pa-pol;+;215;-33;869;-0.0379746835443
slovenc-pa-pol;-;248;-33;869;-0.0379746835443
slovencelj-dak2;+;14;-55;869;-0.0632911392405
slovencelj-dak2;-;69;-55;869;-0.0632911392405
slovenka333;+;28;-29;869;-0.0333716915995
slovenka333;-;57;-29;869;-0.0333716915995
slycer;+;165;-151;869;-0.173762945915
slycer;-;316;-151;869;-0.173762945915
smajly;+;54;-49;869;-0.0563866513234
smajly;-;103;-49;869;-0.0563866513234
smithex;+;55;-74;869;-0.0851553509781
smithex;-;129;-74;869;-0.0851553509781
smooth-criminal;+;90;57;869;0.0655926352129
smooth-criminal;-;33;57;869;0.0655926352129
snowman-uq6i;+;61;-14;869;-0.0161104718067
snowman-uq6i;-;75;-14;869;-0.0161104718067
solocare;+;78;-39;869;-0.0448791714614
solocare;-;117;-39;869;-0.0448791714614
sonce12;+;208;46;869;0.0529344073648
sonce12;-;162;46;869;0.0529344073648
sonet7;+;53;-31;869;-0.0356731875719
sonet7;-;84;-31;869;-0.0356731875719
soni;+;29;-34;869;-0.0391254315305
soni;-;63;-34;869;-0.0391254315305
soulstripper;+;33;-30;869;-0.0345224395857
soulstripper;-;63;-30;869;-0.0345224395857
sp-2006;+;35;-1;869;-0.00115074798619
sp-2006;-;36;-1;869;-0.00115074798619
spacapan;+;72;8;869;0.00920598388953
spacapan;-;64;8;869;0.00920598388953
speedy_slo;+;32;-32;869;-0.0368239355581
speedy_slo;-;64;-32;869;-0.0368239355581
spf-xxii;+;41;-79;869;-0.0909090909091
spf-xxii;-;120;-79;869;-0.0909090909091
spiridon;+;57;-41;869;-0.0471806674338
spiridon;-;98;-41;869;-0.0471806674338
spiritus-b86g;+;34;-42;869;-0.04833141542
spiritus-b86g;-;76;-42;869;-0.04833141542
spook;+;83;-69;869;-0.0794016110472
spook;-;152;-69;869;-0.0794016110472
sportfan-u8h4;+;93;53;869;0.0609896432681
sportfan-u8h4;-;40;53;869;0.0609896432681
sporties;+;80;-140;869;-0.161104718067
sporties;-;220;-140;869;-0.161104718067
sportomanokin;+;75;-72;869;-0.0828538550058
sportomanokin;-;147;-72;869;-0.0828538550058
sprehajalec;+;23;-23;869;-0.0264672036824
sprehajalec;-;46;-23;869;-0.0264672036824
sr;+;23;-52;869;-0.0598388952819
sr;-;75;-52;869;-0.0598388952819
srajzel;+;35;-16;869;-0.0184119677791
srajzel;-;51;-16;869;-0.0184119677791
sroupamarkelateu;+;22;-50;869;-0.0575373993096
sroupamarkelateu;-;72;-50;869;-0.0575373993096
srsly;+;47;8;869;0.00920598388953
srsly;-;39;8;869;0.00920598388953
stanka;+;68;3;869;0.00345224395857
stanka;-;65;3;869;0.00345224395857
stanolio;+;16;-53;869;-0.0609896432681
stanolio;-;69;-53;869;-0.0609896432681
stein;+;33;-34;869;-0.0391254315305
stein;-;67;-34;869;-0.0391254315305
stern4president;+;28;-151;869;-0.173762945915
stern4president;-;179;-151;869;-0.173762945915
stevic;+;44;2;869;0.00230149597238
stevic;-;42;2;869;0.00230149597238
stevsineumni;+;220;-144;869;-0.165707710012
stevsineumni;-;364;-144;869;-0.165707710012
stewie;+;26;-60;869;-0.0690448791715
stewie;-;86;-60;869;-0.0690448791715
stezosledec;+;115;-166;869;-0.191024165708
stezosledec;-;281;-166;869;-0.191024165708
storz;+;64;-54;869;-0.0621403912543
storz;-;118;-54;869;-0.0621403912543
suarez_7;+;32;-17;869;-0.0195627157652
suarez_7;-;49;-17;869;-0.0195627157652
sudija;+;37;-50;869;-0.0575373993096
sudija;-;87;-50;869;-0.0575373993096
sunken;+;185;100;869;0.115074798619
sunken;-;85;100;869;0.115074798619
sunshine-iff0;+;24;-23;869;-0.0264672036824
sunshine-iff0;-;47;-23;869;-0.0264672036824
svelenau;+;126;38;869;0.0437284234753
svelenau;-;88;38;869;0.0437284234753
svindal;+;48;17;869;0.0195627157652
svindal;-;31;17;869;0.0195627157652
sysop;+;65;-12;869;-0.0138089758343
sysop;-;77;-12;869;-0.0138089758343
t-bag;+;20;-27;869;-0.0310701956272
t-bag;-;47;-27;869;-0.0310701956272
t1000;+;37;-64;869;-0.0736478711162
t1000;-;101;-64;869;-0.0736478711162
tajkun08;+;17;-43;869;-0.0494821634062
tajkun08;-;60;-43;869;-0.0494821634062
tedy123;+;28;-158;869;-0.181818181818
tedy123;-;186;-158;869;-0.181818181818
telzak;+;36;-119;869;-0.136939010357
telzak;-;155;-119;869;-0.136939010357
tennis-gs;+;85;6;869;0.00690448791715
tennis-gs;-;79;6;869;0.00690448791715
tetka;+;19;-63;869;-0.07249712313
tetka;-;82;-63;869;-0.07249712313
the-angerfist;+;46;10;869;0.0115074798619
the-angerfist;-;36;10;869;0.0115074798619
the-magician;+;126;72;869;0.0828538550058
the-magician;-;54;72;869;0.0828538550058
the-metnek;+;134;-35;869;-0.0402761795167
the-metnek;-;169;-35;869;-0.0402761795167
the-stig;+;204;-511;869;-0.588032220944
the-stig;-;715;-511;869;-0.588032220944
thegrit;+;45;-11;869;-0.0126582278481
thegrit;-;56;-11;869;-0.0126582278481
thenomad;+;138;-306;869;-0.352128883774
thenomad;-;444;-306;869;-0.352128883774
thesteve;+;79;-4;869;-0.00460299194476
thesteve;-;83;-4;869;-0.00460299194476
tifoz;+;82;72;869;0.0828538550058
tifoz;-;10;72;869;0.0828538550058
tiger983;+;33;-145;869;-0.166858457998
tiger983;-;178;-145;869;-0.166858457998
tigercek;+;63;-355;869;-0.408515535098
tigercek;-;418;-355;869;-0.408515535098
tily;+;423;-92;869;-0.10586881473
tily;-;515;-92;869;-0.10586881473
timotej-rupar;+;41;-29;869;-0.0333716915995
timotej-rupar;-;70;-29;869;-0.0333716915995
timoti;+;93;-58;869;-0.0667433831991
timoti;-;151;-58;869;-0.0667433831991
timson2;+;12;-45;869;-0.0517836593786
timson2;-;57;-45;869;-0.0517836593786
timus;+;34;-84;869;-0.09666283084
timus;-;118;-84;869;-0.09666283084
tinkolo;+;44;4;869;0.00460299194476
tinkolo;-;40;4;869;0.00460299194476
ti_si_nula;+;40;-14;869;-0.0161104718067
ti_si_nula;-;54;-14;869;-0.0161104718067
tmlb;+;45;2;869;0.00230149597238
tmlb;-;43;2;869;0.00230149597238
tojo21;+;86;-25;869;-0.0287686996548
tojo21;-;111;-25;869;-0.0287686996548
toldo;+;163;-285;869;-0.327963176064
toldo;-;448;-285;869;-0.327963176064
tomek11;+;53;-5;869;-0.00575373993096
tomek11;-;58;-5;869;-0.00575373993096
tomi76;+;16;-36;869;-0.0414269275029
tomi76;-;52;-36;869;-0.0414269275029
toming;+;119;16;869;0.0184119677791
toming;-;103;16;869;0.0184119677791
tomjaz11;+;319;6;869;0.00690448791715
tomjaz11;-;313;6;869;0.00690448791715
tomquick;+;25;-20;869;-0.0230149597238
tomquick;-;45;-20;869;-0.0230149597238
toni-gruden;+;26;-31;869;-0.0356731875719
toni-gruden;-;57;-31;869;-0.0356731875719
toni66;+;44;-2;869;-0.00230149597238
toni66;-;46;-2;869;-0.00230149597238
toni77;+;51;-82;869;-0.0943613348677
toni77;-;133;-82;869;-0.0943613348677
topko86;+;25;-34;869;-0.0391254315305
topko86;-;59;-34;869;-0.0391254315305
toset1;+;31;-6;869;-0.00690448791715
toset1;-;37;-6;869;-0.00690448791715
totifakin;+;29;-12;869;-0.0138089758343
totifakin;-;41;-12;869;-0.0138089758343
tracer;+;57;-27;869;-0.0310701956272
tracer;-;84;-27;869;-0.0310701956272
troha;+;109;0;869;0.0
troha;-;109;0;869;0.0
tuditi;+;138;-869;869;-1.0
tuditi;-;1007;-869;869;-1.0
turbogas1;+;20;-63;869;-0.07249712313
turbogas1;-;83;-63;869;-0.07249712313
turbolimach;+;68;-22;869;-0.0253164556962
turbolimach;-;90;-22;869;-0.0253164556962
twofours44;+;37;5;869;0.00575373993096
twofours44;-;32;5;869;0.00575373993096
u-n;+;58;-182;869;-0.209436133487
u-n;-;240;-182;869;-0.209436133487
ufo1987;+;80;-28;869;-0.0322209436133
ufo1987;-;108;-28;869;-0.0322209436133
ulikses_;+;104;-231;869;-0.26582278481
ulikses_;-;335;-231;869;-0.26582278481
ultimojan;+;30;-55;869;-0.0632911392405
ultimojan;-;85;-55;869;-0.0632911392405
urban2309;+;208;-13;869;-0.0149597238205
urban2309;-;221;-13;869;-0.0149597238205
urko;+;41;-59;869;-0.0678941311853
urko;-;100;-59;869;-0.0678941311853
urko23;+;9;-54;869;-0.0621403912543
urko23;-;63;-54;869;-0.0621403912543
uros23;+;76;24;869;0.0276179516686
uros23;-;52;24;869;0.0276179516686
urosh444;+;18;-42;869;-0.04833141542
urosh444;-;60;-42;869;-0.04833141542
urosq;+;50;32;869;0.0368239355581
urosq;-;18;32;869;0.0368239355581
uruhart;+;28;-115;869;-0.132336018412
uruhart;-;143;-115;869;-0.132336018412
userol-lj;+;40;-2;869;-0.00230149597238
userol-lj;-;42;-2;869;-0.00230149597238
v-slog;+;65;24;869;0.0276179516686
v-slog;-;41;24;869;0.0276179516686
vaati;+;371;-185;869;-0.212888377445
vaati;-;556;-185;869;-0.212888377445
van-gol;+;16;-71;869;-0.0817031070196
van-gol;-;87;-71;869;-0.0817031070196
varda-e7bj;+;41;-92;869;-0.10586881473
varda-e7bj;-;133;-92;869;-0.10586881473
varjanta-b;+;33;-18;869;-0.0207134637514
varjanta-b;-;51;-18;869;-0.0207134637514
vasia;+;46;19;869;0.0218642117376
vasia;-;27;19;869;0.0218642117376
vaza;+;54;-55;869;-0.0632911392405
vaza;-;109;-55;869;-0.0632911392405
veeert;+;146;-17;869;-0.0195627157652
veeert;-;163;-17;869;-0.0195627157652
veleje;+;54;-188;869;-0.216340621404
veleje;-;242;-188;869;-0.216340621404
veliki_globus;+;38;-3;869;-0.00345224395857
veliki_globus;-;41;-3;869;-0.00345224395857
venatoridrih;+;5;-71;869;-0.0817031070196
venatoridrih;-;76;-71;869;-0.0817031070196
verbatim989;+;113;-200;869;-0.230149597238
verbatim989;-;313;-200;869;-0.230149597238
veron;+;22;-87;869;-0.100115074799
veron;-;109;-87;869;-0.100115074799
veteraninsin;+;27;-51;869;-0.0586881472957
veteraninsin;-;78;-51;869;-0.0586881472957
veza;+;37;-94;869;-0.108170310702
veza;-;131;-94;869;-0.108170310702
victory-80;+;157;128;869;0.147295742232
victory-80;-;29;128;869;0.147295742232
viktoriana;+;40;-37;869;-0.0425776754891
viktoriana;-;77;-37;869;-0.0425776754891
violacity;+;24;-36;869;-0.0414269275029
violacity;-;60;-36;869;-0.0414269275029
virgino;+;12;-94;869;-0.108170310702
virgino;-;106;-94;869;-0.108170310702
vitez;+;42;-11;869;-0.0126582278481
vitez;-;53;-11;869;-0.0126582278481
vito-corleone-2h0z;+;35;-32;869;-0.0368239355581
vito-corleone-2h0z;-;67;-32;869;-0.0368239355581
voly;+;205;-51;869;-0.0586881472957
voly;-;256;-51;869;-0.0586881472957
vombat98;+;270;-300;869;-0.345224395857
vombat98;-;570;-300;869;-0.345224395857
vonko;+;44;-18;869;-0.0207134637514
vonko;-;62;-18;869;-0.0207134637514
vozek;+;57;-81;869;-0.0932105868815
vozek;-;138;-81;869;-0.0932105868815
vremenko-1gct;+;115;-14;869;-0.0161104718067
vremenko-1gct;-;129;-14;869;-0.0161104718067
vseved-7sqi;+;24;-28;869;-0.0322209436133
vseved-7sqi;-;52;-28;869;-0.0322209436133
vslivnje;+;263;-6;869;-0.00690448791715
vslivnje;-;269;-6;869;-0.00690448791715
vzhodna_tribuna;+;63;-62;869;-0.0713463751438
vzhodna_tribuna;-;125;-62;869;-0.0713463751438
warbird;+;35;-52;869;-0.0598388952819
warbird;-;87;-52;869;-0.0598388952819
wasabi;+;85;-175;869;-0.201380897583
wasabi;-;260;-175;869;-0.201380897583
wayne-rooney;+;10;-53;869;-0.0609896432681
wayne-rooney;-;63;-53;869;-0.0609896432681
waynerooney10;+;23;-35;869;-0.0402761795167
waynerooney10;-;58;-35;869;-0.0402761795167
webb;+;90;-157;869;-0.180667433832
webb;-;247;-157;869;-0.180667433832
webmaher;+;308;36;869;0.0414269275029
webmaher;-;272;36;869;0.0414269275029
wesley90;+;49;-145;869;-0.166858457998
wesley90;-;194;-145;869;-0.166858457998
westernboy;+;25;-71;869;-0.0817031070196
westernboy;-;96;-71;869;-0.0817031070196
wisan;+;31;-185;869;-0.212888377445
wisan;-;216;-185;869;-0.212888377445
xavi-xs2h;+;15;-55;869;-0.0632911392405
xavi-xs2h;-;70;-55;869;-0.0632911392405
xp;+;290;-251;869;-0.288837744534
xp;-;541;-251;869;-0.288837744534
xskip;+;88;54;869;0.0621403912543
xskip;-;34;54;869;0.0621403912543
yani;+;19;-39;869;-0.0448791714614
yani;-;58;-39;869;-0.0448791714614
yozo;+;17;-32;869;-0.0368239355581
yozo;-;49;-32;869;-0.0368239355581
zabice;+;86;-141;869;-0.162255466053
zabice;-;227;-141;869;-0.162255466053
zablujenc18;+;91;3;869;0.00345224395857
zablujenc18;-;88;3;869;0.00345224395857
zahodnjak;+;61;-246;869;-0.283084004603
zahodnjak;-;307;-246;869;-0.283084004603
zamudnik;+;268;-458;869;-0.527042577675
zamudnik;-;726;-458;869;-0.527042577675
zarman;+;96;-212;869;-0.243958573072
zarman;-;308;-212;869;-0.243958573072
zbornaja-komanda;+;36;-93;869;-0.107019562716
zbornaja-komanda;-;129;-93;869;-0.107019562716
zbornaya-komanda;+;178;-276;869;-0.317606444189
zbornaya-komanda;-;454;-276;869;-0.317606444189
ze-spet-jest;+;60;-22;869;-0.0253164556962
ze-spet-jest;-;82;-22;869;-0.0253164556962
zek;+;66;-37;869;-0.0425776754891
zek;-;103;-37;869;-0.0425776754891
zekinho;+;44;-59;869;-0.0678941311853
zekinho;-;103;-59;869;-0.0678941311853
zelko289;+;48;20;869;0.0230149597238
zelko289;-;28;20;869;0.0230149597238
zetes;+;105;-237;869;-0.272727272727
zetes;-;342;-237;869;-0.272727272727
zeus08;+;73;48;869;0.0552359033372
zeus08;-;25;48;869;0.0552359033372
zgodovina-sveta;+;49;-59;869;-0.0678941311853
zgodovina-sveta;-;108;-59;869;-0.0678941311853
ziavenelioshe;+;28;-24;869;-0.0276179516686
ziavenelioshe;-;52;-24;869;-0.0276179516686
ziga307;+;48;17;869;0.0195627157652
ziga307;-;31;17;869;0.0195627157652
zike;+;6;-106;869;-0.121979286536
zike;-;112;-106;869;-0.121979286536
zizou-us24;+;115;-288;869;-0.331415420023
zizou-us24;-;403;-288;869;-0.331415420023
zlobni-genij;+;123;-81;869;-0.0932105868815
zlobni-genij;-;204;-81;869;-0.0932105868815
zmaj-lj;+;44;-27;869;-0.0310701956272
zmaj-lj;-;71;-27;869;-0.0310701956272
znalec1;+;57;-25;869;-0.0287686996548
znalec1;-;82;-25;869;-0.0287686996548
zogg;+;126;-5;869;-0.00575373993096
zogg;-;131;-5;869;-0.00575373993096
zogi;+;39;-139;869;-0.159953970081
zogi;-;178;-139;869;-0.159953970081
zuco;+;39;-117;869;-0.134637514384
zuco;-;156;-117;869;-0.134637514384
zufer;+;20;-83;869;-0.0955120828539
zufer;-;103;-83;869;-0.0955120828539
zugec;+;23;-199;869;-0.228998849252
zugec;-;222;-199;869;-0.228998849252
zumba142;+;32;-50;869;-0.0575373993096
zumba142;-;82;-50;869;-0.0575373993096
zverck;+;28;-105;869;-0.12082853855
zverck;-;133;-105;869;-0.12082853855
zwook;+;59;-5;869;-0.00575373993096
zwook;-;64;-5;869;-0.00575373993096
zyga;+;29;-75;869;-0.0863060989643
zyga;-;104;-75;869;-0.0863060989643
_50centy_;+;67;-67;869;-0.0771001150748
_50centy_;-;134;-67;869;-0.0771001150748
_olimpija_;+;46;-25;869;-0.0287686996548
_olimpija_;-;71;-25;869;-0.0287686996548
